idx,country,beer_servings,spirit_servings,wine_servings,total_litres_of_pure_alcohol,code;;;;;;
0,Afghanistan,0,0,0,0,AF;;;;;;
1,Albania,89,132,54,4.9,AL;;;;;;
2,Algeria,25,0,14,0.7,DZ;;;;;;
3,Andorra,245,138,312,12.4,AD;;;;;;
4,Angola,217,57,45,5.9,AO;;;;;;
5,Antigua & Barbuda,102,128,45,4.9,AG;;;;;;
6,Argentina,193,25,221,8.3,AR;;;;;;
7,Armenia,21,179,11,3.8,AM;;;;;;
8,Australia,261,72,212,10.4,AU;;;;;;
9,Austria,279,75,191,9.7,AT;;;;;;
10,Azerbaijan,21,46,5,1.3,AZ;;;;;;
11,Bahamas,122,176,51,6.3,BS;;;;;;
12,Bahrain,42,63,7,2,BH;;;;;;
13,Bangladesh,0,0,0,0,BD;;;;;;
14,Barbados,143,173,36,6.3,BB;;;;;;
15,Belarus,142,373,42,14.4,BY;;;;;;
16,Belgium,295,84,212,10.5,BE;;;;;;
17,Belize,263,114,8,6.8,BZ;;;;;;
18,Benin,34,4,13,1.1,BJ;;;;;;
19,Bhutan,23,0,0,0.4,BT;;;;;;
20,Bolivia,167,41,8,3.8,BO;;;;;;
21,Bosnia-Herzegovina,76,173,8,4.6,BA;;;;;;
22,Botswana,173,35,35,5.4,BW;;;;;;
23,Brazil,245,145,16,7.2,BR;;;;;;
24,Brunei,31,2,1,0.6,BN;;;;;;
25,Bulgaria,231,252,94,10.3,BG;;;;;;
26,Burkina Faso,25,7,7,4.3,BF;;;;;;
27,Burundi,88,0,0,6.3,BI;;;;;;
28,Cote d'Ivoire,37,1,7,4,CI;;;;;;
29,Cabo Verde,144,56,16,4,CV;;;;;;
30,Cambodia,57,65,1,2.2,KH;;;;;;
31,Cameroon,147,1,4,5.8,CM;;;;;;
32,Canada,240,122,100,8.2,CA;;;;;;
33,Central African Republic,17,2,1,1.8,CF;;;;;;
34,Chad,15,1,1,0.4,TD;;;;;;
35,Chile,130,124,172,7.6,CL;;;;;;
36,China,79,192,8,5,CN;;;;;;
37,Colombia,159,76,3,4.2,CO;;;;;;
38,Comoros,1,3,1,0.1,KM;;;;;;
39,Congo,76,1,9,1.7,CG;;;;;;
40,Cook Islands,0,254,74,5.9,CK;;;;;;
41,Costa Rica,149,87,11,4.4,CR;;;;;;
42,Croatia,230,87,254,10.2,HR;;;;;;
43,Cuba,93,137,5,4.2,CU;;;;;;
44,Cyprus,192,154,113,8.2,CY;;;;;;
45,Czech Republic,361,170,134,11.8,CZ;;;;;;
46,North Korea,0,0,0,0,KP;;;;;;
47,DR Congo,32,3,1,2.3,CD;;;;;;
48,Denmark,224,81,278,10.4,DK;;;;;;
49,Djibouti,15,44,3,1.1,DJ;;;;;;
50,Dominica,52,286,26,6.6,DM;;;;;;
51,Dominican Republic,193,147,9,6.2,DO;;;;;;
52,Ecuador,162,74,3,4.2,EC;;;;;;
53,Egypt,6,4,1,0.2,EG;;;;;;
54,El Salvador,52,69,2,2.2,SV;;;;;;
55,Equatorial Guinea,92,0,233,5.8,GQ;;;;;;
56,Eritrea,18,0,0,0.5,ER;;;;;;
57,Estonia,224,194,59,9.5,EE;;;;;;
58,Ethiopia,20,3,0,0.7,ET;;;;;;
59,Fiji,77,35,1,2,FJ;;;;;;
60,Finland,263,133,97,10,FI;;;;;;
61,France,127,151,370,11.8,FR;;;;;;
62,Gabon,347,98,59,8.9,GA;;;;;;
63,Gambia,8,0,1,2.4,GM;;;;;;
64,Georgia,52,100,149,5.4,GE;;;;;;
65,Germany,346,117,175,11.3,DE;;;;;;
66,Ghana,31,3,10,1.8,GH;;;;;;
67,Greece,133,112,218,8.3,GR;;;;;;
68,Grenada,199,438,28,11.9,GD;;;;;;
69,Guatemala,53,69,2,2.2,GT;;;;;;
70,Guinea,9,0,2,0.2,GN;;;;;;
71,Guinea-Bissau,28,31,21,2.5,GW;;;;;;
72,Guyana,93,302,1,7.1,GY;;;;;;
73,Haiti,1,326,1,5.9,HT;;;;;;
74,Honduras,69,98,2,3,HN;;;;;;
75,Hungary,234,215,185,11.3,HU;;;;;;
76,Iceland,233,61,78,6.6,IS;;;;;;
77,India,9,114,0,2.2,IN;;;;;;
78,Indonesia,5,1,0,0.1,ID;;;;;;
79,Iran,0,0,0,0,IR;;;;;;
80,Iraq,9,3,0,0.2,IQ;;;;;;
81,Ireland,313,118,165,11.4,IE;;;;;;
82,Israel,63,69,9,2.5,IL;;;;;;
83,Italy,85,42,237,6.5,IT;;;;;;
84,Jamaica,82,97,9,3.4,JM;;;;;;
85,Japan,77,202,16,7,JP;;;;;;
86,Jordan,6,21,1,0.5,JO;;;;;;
87,Kazakhstan,124,246,12,6.8,KZ;;;;;;
88,Kenya,58,22,2,1.8,KE;;;;;;
89,Kiribati,21,34,1,1,KI;;;;;;
90,Kuwait,0,0,0,0,KW;;;;;;
91,Kyrgyzstan,31,97,6,2.4,KG;;;;;;
92,Laos,62,0,123,6.2,LA;;;;;;
93,Latvia,281,216,62,10.5,LV;;;;;;
94,Lebanon,20,55,31,1.9,LB;;;;;;
95,Lesotho,82,29,0,2.8,LS;;;;;;
96,Liberia,19,152,2,3.1,LR;;;;;;
97,Libya,0,0,0,0,LY;;;;;;
98,Lithuania,343,244,56,12.9,LT;;;;;;
99,Luxembourg,236,133,271,11.4,LU;;;;;;
100,Madagascar,26,15,4,0.8,MG;;;;;;
101,Malawi,8,11,1,1.5,MW;;;;;;
102,Malaysia,13,4,0,0.3,MY;;;;;;
103,Maldives,0,0,0,0,MV;;;;;;
104,Mali,5,1,1,0.6,ML;;;;;;
105,Malta,149,100,120,6.6,MT;;;;;;
106,Marshall Islands,0,0,0,0,MH;;;;;;
107,Mauritania,0,0,0,0,MR;;;;;;
108,Mauritius,98,31,18,2.6,MU;;;;;;
109,Mexico,238,68,5,5.5,MX;;;;;;
110,Micronesia,62,50,18,2.3,FM;;;;;;
111,Monaco,0,0,0,0,MC;;;;;;
112,Mongolia,77,189,8,4.9,MN;;;;;;
113,Montenegro,31,114,128,4.9,ME;;;;;;
114,Morocco,12,6,10,0.5,MA;;;;;;
115,Mozambique,47,18,5,1.3,MZ;;;;;;
116,Myanmar,5,1,0,0.1,MM;;;;;;
117,Namibia,376,3,1,6.8,NA;;;;;;
118,Nauru,49,0,8,1,NR;;;;;;
119,Nepal,5,6,0,0.2,NP;;;;;;
120,Netherlands,251,88,190,9.4,NL;;;;;;
121,New Zealand,203,79,175,9.3,NZ;;;;;;
122,Nicaragua,78,118,1,3.5,NI;;;;;;
123,Niger,3,2,1,0.1,NE;;;;;;
124,Nigeria,42,5,2,9.1,NG;;;;;;
125,Niue,188,200,7,7,NU;;;;;;
126,Norway,169,71,129,6.7,NO;;;;;;
127,Oman,22,16,1,0.7,OM;;;;;;
128,Pakistan,0,0,0,0,PK;;;;;;
129,Palau,306,63,23,6.9,PW;;;;;;
130,Panama,285,104,18,7.2,PA;;;;;;
131,Papua New Guinea,44,39,1,1.5,PG;;;;;;
132,Paraguay,213,117,74,7.3,PY;;;;;;
133,Peru,163,160,21,6.1,PE;;;;;;
134,Philippines,71,186,1,4.6,PH;;;;;;
135,Poland,343,215,56,10.9,PL;;;;;;
136,Portugal,194,67,339,11,PT;;;;;;
137,Qatar,1,42,7,0.9,QA;;;;;;
138,South Korea,140,16,9,9.8,KR;;;;;;
139,Moldova,109,226,18,6.3,MD;;;;;;
140,Romania,297,122,167,10.4,RO;;;;;;
141,Russian Federation,247,326,73,11.5,RU;;;;;;
142,Rwanda,43,2,0,6.8,RW;;;;;;
143,St. Kitts & Nevis,194,205,32,7.7,KN;;;;;;
144,St. Lucia,171,315,71,10.1,LC;;;;;;
145,St. Vincent & the Grenadines,120,221,11,6.3,VC;;;;;;
146,Samoa,105,18,24,2.6,WS;;;;;;
147,San Marino,0,0,0,0,SM;;;;;;
148,Sao Tome & Principe,56,38,140,4.2,ST;;;;;;
149,Saudi Arabia,0,5,0,0.1,SA;;;;;;
150,Senegal,9,1,7,0.3,SN;;;;;;
151,Serbia,283,131,127,9.6,RS;;;;;;
152,Seychelles,157,25,51,4.1,SC;;;;;;
153,Sierra Leone,25,3,2,6.7,SL;;;;;;
154,Singapore,60,12,11,1.5,SG;;;;;;
155,Slovakia,196,293,116,11.4,SK;;;;;;
156,Slovenia,270,51,276,10.6,SI;;;;;;
157,Solomon Islands,56,11,1,1.2,SB;;;;;;
158,Somalia,0,0,0,0,SO;;;;;;
159,South Africa,225,76,81,8.2,ZA;;;;;;
160,Spain,284,157,112,10,ES;;;;;;
161,Sri Lanka,16,104,0,2.2,LK;;;;;;
162,Sudan,8,13,0,1.7,SD;;;;;;
163,Suriname,128,178,7,5.6,SR;;;;;;
164,Swaziland,90,2,2,4.7,SZ;;;;;;
165,Sweden,152,60,186,7.2,SE;;;;;;
166,Switzerland,185,100,280,10.2,CH;;;;;;
167,Syria,5,35,16,1,SY;;;;;;
168,Tajikistan,2,15,0,0.3,TJ;;;;;;
169,Thailand,99,258,1,6.4,TH;;;;;;
170,Macedonia,106,27,86,3.9,MK;;;;;;
171,Timor-Leste,1,1,4,0.1,TL;;;;;;
172,Togo,36,2,19,1.3,TG;;;;;;
173,Tonga,36,21,5,1.1,TO;;;;;;
174,Trinidad & Tobago,197,156,7,6.4,TT;;;;;;
175,Tunisia,51,3,20,1.3,TN;;;;;;
176,Turkey,51,22,7,1.4,TR;;;;;;
177,Turkmenistan,19,71,32,2.2,TM;;;;;;
178,Tuvalu,6,41,9,1,TV;;;;;;
179,Uganda,45,9,0,8.3,UG;;;;;;
180,Ukraine,206,237,45,8.9,UA;;;;;;
181,United Arab Emirates,16,135,5,2.8,AE;;;;;;
182,United Kingdom,219,126,195,10.4,GB;;;;;;
183,Tanzania,36,6,1,5.7,TZ;;;;;;
184,USA,249,158,84,8.7,US;;;;;;
185,Uruguay,115,35,220,6.6,UY;;;;;;
186,Uzbekistan,25,101,8,2.4,UZ;;;;;;
187,Vanuatu,21,18,11,0.9,VU;;;;;;
188,Venezuela,333,100,3,7.7,VE;;;;;;
189,Vietnam,111,2,1,2,VN;;;;;;
190,Yemen,6,0,0,0.1,YE;;;;;;
191,Zambia,32,19,4,2.5,ZM;;;;;;
192,Zimbabwe,64,18,4,4.7,ZW;;;;;;
